<?xml version='1.0' encoding='UTF-8'?>
<!-- A unique bundle ID -->
<ExtensionManifest ExtensionBundleId="com.primport" ExtensionBundleName="Multi File Import" ExtensionBundleVersion="1.0.0" Version="7.0" xmlns:xsi="http://www.w3.org/2001/XMLSchema-instance">
  <ExtensionList>
    <!-- A unique ID you assign to your extension -->
    <Extension Id="com.primport.panel" Version="1.0.0" />
  </ExtensionList>
  <ExecutionEnvironment>
    <HostList>
      <!-- Host Name & Version -->
      <!-- 
      <Host Name="PHSP" Version="20.0" />
      <Host Name="PHXS" Version="20.0" /> 
      -->
      <Host Name="PPRO" Version="20.0" />
    </HostList>
    <LocaleList>
      <Locale Code="All" />
    </LocaleList>
    <RequiredRuntimeList>
      <RequiredRuntime Name="CSXS" Version="7.0" />
    </RequiredRuntimeList>
  </ExecutionEnvironment>
  <DispatchInfoList>
    <!--A unique ID you assign to your extension -->
    <Extension Id="com.primport.panel">
      <DispatchInfo>
        <Resources>
          <!-- Path to your index.html -->
          <MainPath>./client/index.html</MainPath>
          <!-- Path to your index.jsx -->
          <ScriptPath>./host/index.jsx</ScriptPath>
          <CEFCommandLine />
        </Resources>
        <Lifecycle>
          <AutoVisible>true</AutoVisible>
        </Lifecycle>
        <UI>
          <Type>Panel</Type>
          <!-- Extension name that appears in the dropdown menu of the host app -->
          <Menu>Multi File Import</Menu>
          <Geometry>
            <Size>
              <!-- Default size -->
              <Height>500</Height>
              <Width>350</Width>
            </Size>
          </Geometry>
          <Icons />
        </UI>
      </DispatchInfo>
    </Extension>
  </DispatchInfoList>
</ExtensionManifest>